{
    "name": "root",
    "gauges": {
        "MyBehavior.Policy.Entropy.mean": {
            "value": 1.3932451009750366,
            "min": 1.3932451009750366,
            "max": 1.4158005714416504,
            "count": 8
        },
        "MyBehavior.Policy.Entropy.sum": {
            "value": 69662.2578125,
            "min": 69662.2578125,
            "max": 70790.03125,
            "count": 8
        },
        "MyBehavior.Environment.EpisodeLength.mean": {
            "value": 0.0,
            "min": 0.0,
            "max": 0.0,
            "count": 8
        },
        "MyBehavior.Environment.EpisodeLength.sum": {
            "value": 0.0,
            "min": 0.0,
            "max": 0.0,
            "count": 8
        },
        "MyBehavior.Step.mean": {
            "value": 399999.0,
            "min": 49999.0,
            "max": 399999.0,
            "count": 8
        },
        "MyBehavior.Step.sum": {
            "value": 399999.0,
            "min": 49999.0,
            "max": 399999.0,
            "count": 8
        },
        "MyBehavior.Policy.ExtrinsicValueEstimate.mean": {
            "value": -2.8478572368621826,
            "min": -2.9030909538269043,
            "max": -0.9787726998329163,
            "count": 8
        },
        "MyBehavior.Policy.ExtrinsicValueEstimate.sum": {
            "value": -142392.859375,
            "min": -145154.546875,
            "max": -48937.65625,
            "count": 8
        },
        "MyBehavior.Environment.CumulativeReward.mean": {
            "value": -2.890071398267746,
            "min": -2.890071398267746,
            "max": -2.8762346761560442,
            "count": 8
        },
        "MyBehavior.Environment.CumulativeReward.sum": {
            "value": -144503.5699133873,
            "min": -144503.5699133873,
            "max": -143811.7338078022,
            "count": 8
        },
        "MyBehavior.Policy.ExtrinsicReward.mean": {
            "value": -2.890071398267746,
            "min": -2.890071398267746,
            "max": -2.8762346761560442,
            "count": 8
        },
        "MyBehavior.Policy.ExtrinsicReward.sum": {
            "value": -144503.5699133873,
            "min": -144503.5699133873,
            "max": -143811.7338078022,
            "count": 8
        },
        "MyBehavior.Losses.PolicyLoss.mean": {
            "value": 0.021883604141573112,
            "min": 0.02092888837059339,
            "max": 0.025309490719810125,
            "count": 8
        },
        "MyBehavior.Losses.PolicyLoss.sum": {
            "value": 0.10941802070786556,
            "min": 0.10055369921028615,
            "max": 0.12654745359905062,
            "count": 8
        },
        "MyBehavior.Losses.ValueLoss.mean": {
            "value": 33.320772819519036,
            "min": 33.320772819519036,
            "max": 57.70812301635743,
            "count": 8
        },
        "MyBehavior.Losses.ValueLoss.sum": {
            "value": 166.6038640975952,
            "min": 166.6038640975952,
            "max": 251.56731656392415,
            "count": 8
        },
        "MyBehavior.Policy.LearningRate.mean": {
            "value": 7.26498757834e-05,
            "min": 7.26498757834e-05,
            "max": 0.00028463850512049993,
            "count": 8
        },
        "MyBehavior.Policy.LearningRate.sum": {
            "value": 0.000363249378917,
            "min": 0.000363249378917,
            "max": 0.001284939071687,
            "count": 8
        },
        "MyBehavior.Policy.Epsilon.mean": {
            "value": 0.12421660000000001,
            "min": 0.12421660000000001,
            "max": 0.19487950000000007,
            "count": 8
        },
        "MyBehavior.Policy.Epsilon.sum": {
            "value": 0.621083,
            "min": 0.621083,
            "max": 0.9283129999999999,
            "count": 8
        },
        "MyBehavior.Policy.Beta.mean": {
            "value": 0.0012184083400000002,
            "min": 0.0012184083400000002,
            "max": 0.00474448705,
            "count": 8
        },
        "MyBehavior.Policy.Beta.sum": {
            "value": 0.006092041700000001,
            "min": 0.006092041700000001,
            "max": 0.0214228187,
            "count": 8
        },
        "MyBehavior.IsTraining.mean": {
            "value": 1.0,
            "min": 1.0,
            "max": 1.0,
            "count": 8
        },
        "MyBehavior.IsTraining.sum": {
            "value": 1.0,
            "min": 1.0,
            "max": 1.0,
            "count": 8
        }
    },
    "metadata": {
        "timer_format_version": "0.1.0",
        "start_time_seconds": "1770999188",
        "python_version": "3.8.20 (default, Oct  3 2024, 15:19:54) [MSC v.1929 64 bit (AMD64)]",
        "command_line_arguments": "C:\\Users\\47237\\miniconda3\\envs\\mlagents\\Scripts\\mlagents-learn --run-id FirstAgent --force",
        "mlagents_version": "0.28.0",
        "mlagents_envs_version": "0.28.0",
        "communication_protocol_version": "1.5.0",
        "pytorch_version": "2.4.1",
        "numpy_version": "1.23.5",
        "end_time_seconds": "1771002331"
    },
    "total": 3142.7015330000004,
    "count": 1,
    "self": 10.006794400000217,
    "children": {
        "run_training.setup": {
            "total": 0.04431049999999992,
            "count": 1,
            "self": 0.04431049999999992
        },
        "TrainerController.start_learning": {
            "total": 3132.6504281,
            "count": 1,
            "self": 4.86251269993727,
            "children": {
                "TrainerController._reset_env": {
                    "total": 13.187042700000001,
                    "count": 1,
                    "self": 13.187042700000001
                },
                "TrainerController.advance": {
                    "total": 3114.261083700063,
                    "count": 402367,
                    "self": 4.080575400113958,
                    "children": {
                        "env_step": {
                            "total": 2308.6681359999775,
                            "count": 402367,
                            "self": 1860.1940743999976,
                            "children": {
                                "SubprocessEnvManager._take_step": {
                                    "total": 445.5765017000192,
                                    "count": 402367,
                                    "self": 11.919232000020202,
                                    "children": {
                                        "TorchPolicy.evaluate": {
                                            "total": 433.657269699999,
                                            "count": 402367,
                                            "self": 173.3317231000335,
                                            "children": {
                                                "TorchPolicy.sample_actions": {
                                                    "total": 260.3255465999655,
                                                    "count": 402367,
                                                    "self": 260.3255465999655
                                                }
                                            }
                                        }
                                    }
                                },
                                "workers": {
                                    "total": 2.8975598999605587,
                                    "count": 402366,
                                    "self": 0.0,
                                    "children": {
                                        "worker_root": {
                                            "total": 2641.1822235999025,
                                            "count": 402366,
                                            "is_parallel": true,
                                            "self": 1498.318462799929,